$__,$isNew,_doc
"{""activePaths"":{""paths"":{""status"":""init"",""gender"":""init"",""email"":""init"",""name"":""init"",""id"":""init"",""_id"":""init"",""__v"":""init""},""states"":{""require"":{},""init"":{""_id"":true,""id"":true,""name"":true,""email"":true,""gender"":true,""status"":true,""__v"":true}}},""skipId"":true}",,"{""_id"":""645dd7d2039fb613a512932c"",""id"":1570926,""name"":""navin"",""email"":""navin_varman@heller.test"",""gender"":""male"",""status"":""active"",""__v"":0}"
"{""activePaths"":{""paths"":{""status"":""init"",""gender"":""init"",""email"":""init"",""name"":""init"",""id"":""init"",""_id"":""init"",""__v"":""init""},""states"":{""require"":{},""init"":{""_id"":true,""id"":true,""name"":true,""email"":true,""gender"":true,""status"":true,""__v"":true}}},""skipId"":true}",,"{""_id"":""645dd7d2039fb613a512932d"",""id"":1570925,""name"":""Bhishma Saini"",""email"":""bhishma_saini@stracke-heidenreich.test"",""gender"":""female"",""status"":""active"",""__v"":0}"
"{""activePaths"":{""paths"":{""status"":""init"",""gender"":""init"",""email"":""init"",""name"":""init"",""id"":""init"",""_id"":""init"",""__v"":""init""},""states"":{""require"":{},""init"":{""_id"":true,""id"":true,""name"":true,""email"":true,""gender"":true,""status"":true,""__v"":true}}},""skipId"":true}",,"{""_id"":""645dd7d2039fb613a512932e"",""id"":1570924,""name"":""Msgr. Gaurang Arora"",""email"":""arora_gaurang_msgr@hermann.test"",""gender"":""female"",""status"":""inactive"",""__v"":0}"
"{""activePaths"":{""paths"":{""status"":""init"",""gender"":""init"",""email"":""init"",""name"":""init"",""id"":""init"",""_id"":""init"",""__v"":""init""},""states"":{""require"":{},""init"":{""_id"":true,""id"":true,""name"":true,""email"":true,""gender"":true,""status"":true,""__v"":true}}},""skipId"":true}",,"{""_id"":""645dd7d2039fb613a512932f"",""id"":1570923,""name"":""Karthik Mehrotra VM"",""email"":""mehrotra_vm_karthik@cremin.test"",""gender"":""male"",""status"":""inactive"",""__v"":0}"
"{""activePaths"":{""paths"":{""status"":""init"",""gender"":""init"",""email"":""init"",""name"":""init"",""id"":""init"",""_id"":""init"",""__v"":""init""},""states"":{""require"":{},""init"":{""_id"":true,""id"":true,""name"":true,""email"":true,""gender"":true,""status"":true,""__v"":true}}},""skipId"":true}",,"{""_id"":""645dd7d2039fb613a5129330"",""id"":1570922,""name"":""Vedang Khatri"",""email"":""khatri_vedang@okuneva-purdy.test"",""gender"":""female"",""status"":""inactive"",""__v"":0}"
"{""activePaths"":{""paths"":{""status"":""init"",""gender"":""init"",""email"":""init"",""name"":""init"",""id"":""init"",""_id"":""init"",""__v"":""init""},""states"":{""require"":{},""init"":{""_id"":true,""id"":true,""name"":true,""email"":true,""gender"":true,""status"":true,""__v"":true}}},""skipId"":true}",,"{""_id"":""645dd7d2039fb613a5129331"",""id"":1570921,""name"":""Asha Ahluwalia"",""email"":""ahluwalia_asha@russel.test"",""gender"":""female"",""status"":""inactive"",""__v"":0}"
"{""activePaths"":{""paths"":{""status"":""init"",""gender"":""init"",""email"":""init"",""name"":""init"",""id"":""init"",""_id"":""init"",""__v"":""init""},""states"":{""require"":{},""init"":{""_id"":true,""id"":true,""name"":true,""email"":true,""gender"":true,""status"":true,""__v"":true}}},""skipId"":true}",,"{""_id"":""645dd7d2039fb613a5129332"",""id"":1570920,""name"":""Anshula Ahluwalia"",""email"":""ahluwalia_anshula@renner.test"",""gender"":""male"",""status"":""active"",""__v"":0}"
"{""activePaths"":{""paths"":{""status"":""init"",""gender"":""init"",""email"":""init"",""name"":""init"",""id"":""init"",""_id"":""init"",""__v"":""init""},""states"":{""require"":{},""init"":{""_id"":true,""id"":true,""name"":true,""email"":true,""gender"":true,""status"":true,""__v"":true}}},""skipId"":true}",,"{""_id"":""645dd7d2039fb613a5129333"",""id"":1570919,""name"":""Durgeshwari Patel"",""email"":""durgeshwari_patel@murazik.example"",""gender"":""female"",""status"":""inactive"",""__v"":0}"
"{""activePaths"":{""paths"":{""status"":""init"",""gender"":""init"",""email"":""init"",""name"":""init"",""id"":""init"",""_id"":""init"",""__v"":""init""},""states"":{""require"":{},""init"":{""_id"":true,""id"":true,""name"":true,""email"":true,""gender"":true,""status"":true,""__v"":true}}},""skipId"":true}",,"{""_id"":""645dd7d2039fb613a5129334"",""id"":1570918,""name"":""Gorakhnath Desai IV"",""email"":""desai_iv_gorakhnath@johnston.test"",""gender"":""male"",""status"":""active"",""__v"":0}"
"{""activePaths"":{""paths"":{""status"":""init"",""gender"":""init"",""email"":""init"",""name"":""init"",""id"":""init"",""_id"":""init"",""__v"":""init""},""states"":{""require"":{},""init"":{""_id"":true,""id"":true,""name"":true,""email"":true,""gender"":true,""status"":true,""__v"":true}}},""skipId"":true}",,"{""_id"":""645dd7d2039fb613a5129335"",""id"":1570917,""name"":""Prema Bhattathiri"",""email"":""bhattathiri_prema@brakus-orn.test"",""gender"":""female"",""status"":""inactive"",""__v"":0}"
"{""activePaths"":{""paths"":{""status"":""init"",""gender"":""init"",""email"":""init"",""name"":""init"",""id"":""init"",""_id"":""init"",""__v"":""init""},""states"":{""require"":{},""init"":{""_id"":true,""id"":true,""name"":true,""email"":true,""gender"":true,""status"":true,""__v"":true}}},""skipId"":true}",,"{""_id"":""645deb0498642ef1eb245d69"",""id"":1,""name"":""Vishnu Prasanth"",""email"":""jvpvis6@gmail.com"",""gender"":""male"",""status"":""active"",""__v"":0}"
